Kinase,Compounds,Binding value,Docking value
AAK1,91745.0,17.74928377377741,-8.751
ABL1,47445.0,6.952039380908158,-8.282
ABL1,67788.0,10.81477708134046,-8.949
ABL1,3294375.0,10.8340678949806,-8.876
ABL1,182481.0,11.1015429065375,-8.341
ABL1,107651.0,11.83185032933799,-8.624
ABL1,10140464.0,12.29181287348216,-8.18
ABL1,91734.0,13.57358798648839,-8.423
ABL1,91745.0,14.03429774167362,-8.376
ABL1,62506.0,14.28528493502383,-8.724
ABL1,123679328.0,14.3533636585748,-8.91
ABL1,131698386.0,14.41188572620062,-8.267
ABL1,86309.0,14.52329296181781,-9.363
ABL1,11571392.0,14.56387871524449,-9.451
ABL1,148717219.0,14.81370763382222,-9.402
ABL1,151720246.0,14.88719567872032,-8.406
ABL1,139509773.0,15.19674504001341,-8.621
ABL1,85470938.0,15.25000159071571,-8.955
ABL1,91741.0,15.66680979391464,-8.663
ABL1,40585.0,15.82664567811257,-8.031
ABL1,73777241.0,15.92842767492446,-8.367
ABL1,6451141.0,16.21826489317497,-8.084
ABL1,11271640.0,16.86101237913984,-8.101
ABL1,71777.0,16.91434042842278,-9.09
ABL1,54698175.0,17.04800027655735,-11.351
ABL1,139509774.0,17.09409842294845,-8.031
ABL1,57414497.0,17.25732455000973,-9.037
ABL1,91600.0,17.26172414337522,-8.151
ABL1,121463656.0,17.34269275952073,-8.542
ABL1,56608859.0,17.4548345060219,-8.046
ABL1,104926.0,17.45483450602199,-8.308
ABL1,43079.0,17.46496272169353,-8.588
ABL1,6436606.0,17.5599002313129,-9.279
ABL1,24781705.0,17.67133947767377,-8.526
ABL1,42619.0,17.83009254627315,-8.231
ABL1,11577870.0,17.84785088089418,-9.494
ABL1,10110536.0,17.93306396889642,-8.807
ABL1,28768.0,17.93650603033997,-8.013
ABL1,91708.0,18.01741772355448,-9.245
ABL1,91773.0,18.15731938756177,-8.062
ABL1,122609622.0,18.38179017825464,-9.68
ABL1,54676038.0,18.5904092884005,-8.168
ABL1,157602.0,18.65224569960986,-8.102
ABL1,23669621.0,18.84448317199714,-8.967
ABL1,16115.0,19.30751336200781,-8.99
ABL1,9576412.0,19.41508194945547,-8.131
ABL1,54740619.0,19.43099889490252,-8.162
ABL1,52998.0,19.4425021839434,-8.014
ABL1,89881183.0,19.49462829944401,-8.188
ABL1,213032.0,19.55829958542867,-9.533
ABL1,50516.0,19.66809144927721,-8.757
ABL1,70495450.0,19.71819733486629,-8.295
ABL1,3081363.0,19.77233773800096,-8.049
ABL1,5280793.0,19.9431945576064,-8.689
ABL1,25015075.0,19.98956858269714,-8.31
ABL2,47445.0,18.78810383770609,-8.407
ALK,91745.0,15.5143970233055,-8.432
BMPR1B,7095.0,16.0365904081415,-8.479
BMPR1B,6636.0,16.32969422069306,-8.191
BMPR1B,39965.0,16.37032884693107,-8.166
BMPR1B,92421.0,16.59177773233309,-8.201
BMPR1B,9435.0,16.77917869349946,-8.684
BMPR1B,12001831.0,17.76091291696694,-8.171
BMPR1B,100039.0,17.77205911040793,-8.046
BMPR1B,92326.0,19.00507642706053,-9.025
BMPR1B,38854.0,19.2822918967765,-8.311
BMPR1B,16559.0,19.77005847110328,-9.33
BMPR2,83975.0,11.09371386739855,-8.522
BMPR2,13728.0,11.53013700501914,-8.131
BMPR2,115171.0,13.03717611446809,-8.048
BMPR2,39425.0,13.94104957681693,-8.221
BMPR2,14146.0,13.98385662739491,-8.056
BMPR2,34313.0,14.7822010317347,-8.552
BMPR2,5053.0,15.15549678016098,-8.755
BMPR2,162381.0,15.1867106724347,-9.137
BMPR2,11500973.0,15.31618223665222,-8.068
BMPR2,23674999.0,15.44625452760628,-8.181
BMPR2,77123.0,15.50735730303854,-8.223
BMPR2,3081363.0,15.68949345983855,-8.466
BMPR2,43079.0,16.31108892496386,-9.732
BMPR2,11350631.0,16.5231507872352,-8.704
BMPR2,811359.0,17.46459654480386,-8.269
BMPR2,91677.0,17.57114796998703,-8.277
BMPR2,12040175.0,17.6839700639214,-8.071
BMPR2,6125184.0,17.68421708133899,-8.043
BMPR2,92326.0,17.68969553180092,-8.622
BMPR2,23690427.0,17.6972642404871,-9.641
BMPR2,24743.0,18.14919102316852,-8.27
BMPR2,52999.0,18.24583348992376,-8.984
BMPR2,6450825.0,18.39658095230368,-9.566
BMPR2,94382.0,18.72887186210753,-8.542
BMPR2,91755.0,18.97941172310959,-8.329
BMPR2,183559.0,19.03207838725626,-8.031
BMPR2,73668.0,19.05169267319286,-8.16
BMPR2,20055552.0,19.4701486879259,-8.492
BMPR2,6265.0,19.72671767994128,-8.211
BMPR2,6442842.0,19.96300115136512,-8.161
BRAF,47445.0,12.94754680304857,-9.287
BRAF,67788.0,16.99948505344406,-9.854
BRAF,11664966.0,18.35773763421014,-8.022
BRAF,11571392.0,18.51339860365699,-8.743
BRAF,3294375.0,18.69005943867367,-10.136
BRAF,28768.0,19.08379521144019,-8.233
BRAF,123679328.0,19.49939764495068,-10.367
BRAF,43079.0,19.98958245757612,-9.044
BTK,91745.0,16.68745134186467,-9.465
BTK,73670.0,17.14355228349945,-9.288
CAMK2A,16559.0,16.13017312446653,-9.038
CAMK2A,10139.0,17.4362338201101,-8.154
CAMK2A,3081924.0,19.15758638214316,-8.056
CDK7,56843907.0,7.925516266200828,-8.458
CDK7,25241871.0,8.94136625974696,-8.248
CDK7,11158213.0,11.46300047283814,-8.734
CDK7,92433.0,11.76896852173795,-9.261
CDK7,92326.0,12.22978128590139,-8.426
CDK7,11419598.0,12.944744253351,-8.114
CDK7,3081924.0,15.01529576256021,-8.597
CDK7,15764724.0,15.10627591509131,-8.183
CDK7,6125184.0,15.42227845037552,-8.884
CDK7,6455515.0,15.58283281868581,-8.027
CDK7,52999.0,15.71906430512533,-8.145
CDK7,12940701.0,15.77844645508956,-8.33
CDK7,11709249.0,16.82946892514729,-8.273
CDK7,73670.0,17.39191421302115,-8.226
CDK7,11556910.0,17.67098155034588,-8.115
CDK7,91751.0,17.73958181101717,-8.877
CDK7,28768.0,18.38426306626227,-8.266
CDK7,162483615.0,18.56818032082102,-9.908
CDK7,91756.0,18.64150519864496,-8.847
CDK7,146602715.0,18.6474007080525,-8.522
CDK7,37517.0,18.64981655987884,-8.408
CDK7,91753.0,18.74830675408988,-8.009
CDK7,11556911.0,18.91609166680034,-8.286
CDK7,23690427.0,19.04637816108437,-9.002
CDK7,11205154.0,19.33156328325521,-8.542
CDK7,190636.0,19.41185012461142,-8.788
CDK7,91745.0,19.75622347260202,-8.168
CDK7,146479070.0,19.77231027546544,-8.008
CDK7,86417.0,19.85509578773285,-8.333
CLK1,9435.0,5.107003080498361,-8.14
CLK1,93379.0,5.45531023325904,-8.148
CLK1,11487.0,5.685400563985953,-8.077
CLK1,2345.0,6.23865646810639,-8.196
CLK1,13728.0,6.263785438291285,-8.521
CLK1,11634286.0,6.481536642833881,-8.531
CLK1,121363882.0,6.756691775043949,-8.552
CLK1,11990852.0,6.938656864049221,-9.476
CLK1,32597.0,7.030935359013219,-8.011
CLK1,11700495.0,7.073520464150112,-8.948
CLK1,11388558.0,7.084420414147607,-8.265
CLK1,39425.0,7.189326524019105,-9.191
CLK1,6538287.0,7.724168550082215,-8.313
CLK1,92326.0,8.000402907684288,-8.667
CLK1,83975.0,8.033648029690287,-9.257
CLK1,12040175.0,8.12467442082562,-8.293
CLK1,135346206.0,8.458616145243816,-9.151
CLK1,91759.0,8.628835978730411,-8.463
CLK1,71615984.0,8.908539538267377,-10.15
CLK1,92433.0,8.99299167383262,-9.117
CLK1,7095.0,9.06539724831687,-8.443
CLK1,6795.0,9.07221117320626,-8.17
CLK1,195429.0,9.18101542107049,-8.237
CLK1,23466.0,10.08445473911272,-9.062
CLK1,93525.0,10.1294139709139,-8.093
CLK1,24743.0,10.22401028315332,-8.697
CLK1,3081363.0,10.23822758861614,-8.9
CLK1,11158213.0,10.3169809367143,-9.367
CLK1,42807.0,11.14964965275109,-8.164
CLK1,5748526.0,11.14964965275109,-8.091
CLK1,14127920.0,11.26169874513871,-8.791
CLK1,5053.0,11.33956662685348,-9.127
CLK1,56945145.0,11.36783204107278,-10.129
CLK1,176133503.0,11.4153763630418,-9.064
CLK1,162381.0,11.4435666010043,-9.306
CLK1,12708735.0,11.44356660100437,-9.909
CLK1,41073.0,11.47877894186371,-8.464
CLK1,20056.0,11.5906982151303,-8.249
CLK1,91778.0,12.5418386556079,-8.706
CLK1,165392216.0,12.7974909849147,-9.069
CLK1,18772468.0,12.85730120231664,-8.739
CLK1,14146.0,13.03048284869236,-8.622
CLK1,4767.0,13.03236573172688,-8.812
CLK1,12761569.0,13.35035931505533,-8.773
CLK1,52998.0,13.59709623683272,-9.234
CLK1,5282227.0,13.66943171076849,-8.354
CLK1,91730.0,13.73753154912428,-8.646
CLK1,12128785.0,13.78598516990387,-8.601
CLK1,6440554.0,13.93041875142584,-10.382
CLK1,115171.0,13.94027181626284,-8.987
CLK1,11629002.0,14.06081640194402,-8.933
CLK1,9796266.0,14.28781623010197,-8.187
CLK1,40326.0,14.69668010857611,-10.351
CLK1,12617362.0,14.79701707678617,-9.865
CLK1,93539.0,14.8830479228171,-9.258
CLK1,100039.0,15.13247778158675,-8.133
CLK1,50897.0,15.30378351608595,-8.188
CLK1,3033674.0,15.30378351608595,-8.302
CLK1,23681922.0,15.46197146188822,-8.492
CLK1,23690427.0,15.52701053619003,-8.991
CLK1,6436606.0,15.60592908503499,-9.92
CLK1,40585.0,15.61333480871225,-9.668
CLK1,91745.0,15.75495518421954,-11.328
CLK1,172676669.0,15.81218639401975,-10.402
CLK1,213013.0,15.8738511696499,-10.095
CLK1,107901.0,15.87778907377962,-9.18
CLK1,91772.0,15.88479702216082,-8.578
CLK1,146479070.0,16.00521577382304,-8.872
CLK1,35623558.0,16.08361129815802,-8.395
CLK1,22094.0,16.21124369010382,-8.525
CLK1,91694.0,16.21516360356192,-8.427
CLK1,6295.0,16.2196535415031,-8.444
CLK1,11556910.0,16.45990952862845,-8.374
CLK1,52997.0,16.67695499321396,-9.166
CLK1,86354.0,16.750149770667,-8.744
CLK1,16562.0,16.75784861566752,-8.318
CLK1,183559.0,16.82338842097243,-8.569
CLK1,86173.0,17.13771236311655,-9.501
CLK1,91751.0,17.18428607000731,-9.896
CLK1,91733.0,17.31469283240108,-8.276
CLK1,91701.0,17.31469283240108,-8.187
CLK1,91656.0,17.3398981155811,-9.296
CLK1,11688533.0,17.3916102722924,-9.089
CLK1,56608859.0,17.5629554076009,-9.848
CLK1,104926.0,17.562955407601,-10.087
CLK1,176879.0,17.6347060732507,-8.885
CLK1,3294375.0,17.68175940344002,-11.166
CLK1,27189.0,17.77802259122711,-8.996
CLK1,13013865.0,17.77802259122711,-8.935
CLK1,156304554.0,17.83102612303166,-9.261
CLK1,92401.0,17.94317915315055,-8.162
CLK1,174656.0,18.05613240551376,-8.221
CLK1,15118048.0,18.08447737515561,-8.186
CLK1,11496886.0,18.10150332782458,-8.62
CLK1,9969573.0,18.16578060079196,-9.502
CLK1,132910.0,18.24096786298212,-9.116
CLK1,89650759.0,18.27639737802257,-8.603
CLK1,91665.0,18.31528176708481,-8.268
CLK1,3347.0,18.3232060040211,-9.95
CLK1,86103.0,18.36374637042174,-9.117
CLK1,11534837.0,18.41436659820419,-9.441
CLK1,16004663.0,18.73235425195157,-8.069
CLK1,56602311.0,18.90638464889325,-9.874
CLK1,50896.0,18.92309023546774,-8.053
CLK1,157010717.0,19.09103864351213,-8.146
CLK1,86356.0,19.21134397391129,-9.358
CLK1,6450825.0,19.21180491432618,-10.239
CLK1,86268.0,19.26758937783343,-8.011
CLK1,6442842.0,19.32304416639633,-10.624
CLK1,73388382.0,19.36430908286562,-8.802
CLK1,77123.0,19.54078301820504,-8.533
CLK1,155467987.0,19.96313972494653,-9.653
CLK2,10139.0,13.78608291100997,-8.502
CLK2,16559.0,14.04529094787537,-9.16
CLK2,13728.0,14.34627358716955,-8.524
CLK2,7095.0,14.3715185022696,-8.025
CLK2,83975.0,14.57780243005898,-8.182
CLK2,91692.0,16.83034699875103,-8.353
CLK2,92326.0,17.65449964569725,-8.114
CLK2,71615984.0,17.76403839340527,-8.675
CLK2,11990852.0,18.59234540589707,-8.671
CLK2,34313.0,18.60666177472032,-8.108
CLK2,114994.0,19.11731882225472,-8.044
CLK2,39425.0,19.47729457683081,-8.14
CLK2,11158213.0,19.82945584770717,-9.186
CLK2,11629002.0,19.93129883064876,-8.275
CLK4,9435.0,8.328888489355057,-8.459
CLK4,16559.0,8.518884411657059,-8.802
CLK4,83975.0,8.865140197605083,-8.272
CLK4,2345.0,9.17474160709651,-8.546
CLK4,13728.0,9.426841386176266,-8.689
CLK4,11634286.0,9.619366807289095,-8.605
CLK4,34313.0,10.0404123889034,-8.066
CLK4,7095.0,10.2960499461974,-8.101
CLK4,39425.0,10.68114021295564,-8.283
CLK4,11500973.0,10.70858817144693,-8.592
CLK4,121363882.0,10.94326182633012,-8.083
CLK4,11158213.0,10.98408112482779,-8.281
CLK4,15546.0,11.26056606327615,-8.011
CLK4,92326.0,11.55607888318277,-8.299
CLK4,71615984.0,11.65432690822359,-9.127
CLK4,11990852.0,12.88920386025842,-8.554
CLK4,91759.0,12.96126575242525,-8.159
CLK4,135346206.0,13.00606306728391,-9.313
CLK4,92433.0,13.10385809930852,-8.382
CLK4,23466.0,13.16771207488515,-8.474
CLK4,91776.0,13.5251294536638,-8.132
CLK4,86426.0,13.82393277082388,-8.021
CLK4,6636.0,13.93504335364003,-8.089
CLK4,3081363.0,14.04326220492603,-8.516
CLK4,16116.0,14.07281288029375,-8.052
CLK4,5053.0,14.24462954324696,-8.228
CLK4,162381.0,14.2990074526765,-8.845
CLK4,12708735.0,14.29900745267653,-9.033
CLK4,176133503.0,14.46380607518061,-8.274
CLK4,6125184.0,14.9778389035147,-8.325
CLK4,114994.0,15.10821375633719,-8.69
CLK4,20056436.0,15.16083735053566,-8.344
CLK4,6455515.0,15.61905193538703,-8.229
CLK4,146491372.0,15.66371419980164,-8.804
CLK4,59105852.0,15.88354698380782,-8.127
CLK4,25015075.0,15.98192899235535,-8.228
CLK4,11563984.0,16.5648950414629,-8.791
CLK4,40521.0,16.58429037248134,-8.244
CLK4,73282.0,16.71450403758064,-8.055
CLK4,93228.0,16.88831279664542,-8.208
CLK4,115171.0,17.09137753133749,-8.513
CLK4,11571555.0,17.18309608144617,-8.166
CLK4,146479070.0,17.27916395584722,-8.717
CLK4,4767.0,17.45272414394848,-9.319
CLK4,24743.0,17.48380621482126,-8.421
CLK4,11534837.0,17.54578424261266,-8.513
CLK4,91745.0,17.58481027630737,-11.032
CLK4,12761569.0,18.09226906077918,-8.314
CLK4,6451141.0,18.15852247593411,-8.827
CLK4,6440554.0,18.17454975060256,-9.785
CLK4,165392216.0,18.59511069474636,-8.39
CLK4,56945145.0,18.66789291483532,-10.934
CLK4,39238.0,18.70451233526561,-8.335
CLK4,94382.0,18.7749359940969,-8.453
CLK4,41632.0,19.09063357974435,-8.04
CLK4,107851.0,19.25447065692369,-8.292
CLK4,197225.0,19.28955997621174,-8.143
CLK4,23690427.0,19.37236068400904,-10.69
CLK4,11693711.0,19.51743498627422,-8.72
CLK4,84098.0,19.61458386279246,-8.57
CLK4,57418258.0,19.65376459500948,-8.336
CLK4,9013425.0,19.75668311861925,-8.147
CLK4,6732.0,19.79574214318227,-8.043
CLK4,54739.0,19.81395768399405,-8.642
CLK4,91612.0,19.96246072315013,-8.015
CSF1R,148717219.0,8.316501578303521,-8.324
CSF1R,91745.0,9.57740139852239,-8.85
CSF1R,3294375.0,9.76706122524919,-8.053
CSF1R,91751.0,12.83519929228325,-8.54
CSF1R,91600.0,13.01092000358792,-8.578
CSF1R,86268.0,13.04684361219541,-8.291
CSF1R,54698175.0,13.41807155133402,-8.225
CSF1R,107651.0,13.77705191850341,-8.808
CSF1R,19402.0,14.33181441814975,-9.039
CSF1R,190636.0,14.5280293507033,-8.79
CSF1R,44146693.0,14.64422865284228,-8.255
CSF1R,67119441.0,15.42989007924002,-8.09
CSF1R,9930667.0,15.55636462854428,-8.077
CSF1R,71679243.0,15.82422103234114,-8.238
CSF1R,91755.0,16.32862888605775,-8.279
CSF1R,6719.0,16.59736044680542,-8.661
CSF1R,124107648.0,16.61861421723733,-8.161
CSF1R,23707509.0,16.80190527790927,-8.915
CSF1R,93482.0,16.8767045810626,-8.003
CSF1R,13577008.0,17.40933232455114,-8.152
CSF1R,43079.0,17.6504245934948,-8.304
CSF1R,89881183.0,17.71104406459473,-8.091
CSF1R,54676038.0,17.82034876838488,-8.605
CSF1R,42619.0,17.8488102575856,-8.8
CSF1R,157025.0,17.87686556415017,-8.014
CSF1R,91771.0,18.75060445419357,-8.848
CSF1R,54682651.0,18.77443273012902,-8.627
CSF1R,11271640.0,19.78435608064225,-9.172
CSNK1A1,86138.0,15.91549661632147,-8.046
CSNK1A1,39238.0,16.94692971280152,-8.038
CSNK1A1,83975.0,16.95508777667458,-8.075
CSNK1A1,43079.0,18.50011063643959,-9.255
CSNK1D,43079.0,14.38788664183781,-9.638
CSNK1D,83975.0,15.57572009706811,-8.783
CSNK1D,12761569.0,16.40982729644055,-8.116
CSNK1D,25015075.0,16.54498759274459,-8.476
CSNK1D,6295.0,16.85777171094912,-8.03
CSNK1D,24743.0,17.35994288938652,-8.288
CSNK1D,6442842.0,17.87528712516723,-9.189
CSNK1D,4767.0,18.90107576092774,-8.746
CSNK1D,12708735.0,18.76284812920608,-8.451
CSNK1D,91773.0,18.80248470846748,-8.618
CSNK1E,6295.0,19.62156888123813,-8.176
CSNK1G2,91755.0,17.16116736516698,-8.728
CSNK1G2,6442842.0,19.82343276632327,-8.133
CSNK2A1,83975.0,16.26383563657014,-8.32
CSNK2A1,11496886.0,19.69934722826529,-8.279
CSNK2A2,94382.0,15.97567183008778,-8.611
CSNK2A2,23466.0,19.11509813118394,-8.015
CSNK2A2,73670.0,19.47849933785116,-8.118
DAPK1,11634286.0,19.70135873102722,-8.65
DAPK1,23674999.0,19.90090169536953,-8.046
DCLK1,91745.0,17.23480607190658,-9.31
DCLK1,11709249.0,19.26353700306309,-8.312
DDR1,47445.0,5.383277346802114,-8.63
DDR1,148717219.0,9.61676102970805,-8.328
DDR1,67788.0,10.75976110908262,-8.584
DDR1,3294375.0,10.87798790093161,-9.664
DDR1,85470938.0,11.80359082341832,-9.284
DDR1,71777.0,12.40786842719754,-8.852
DDR1,57414497.0,12.50197085224465,-8.587
DDR1,5851439.0,12.57024514426091,-9.322
DDR1,24781705.0,12.86954002976522,-9.297
DDR1,91741.0,13.31171048167527,-8.554
DDR1,86309.0,13.33944495089329,-10.733
DDR1,42619.0,13.74439885743199,-8.612
DDR1,91745.0,13.85040922768008,-10.211
DDR1,153985.0,13.87283759339418,-9.377
DDR1,107651.0,14.03609666747545,-9.73
DDR1,86422.0,14.06990127550014,-8.233
DDR1,91734.0,14.28618422938157,-9.822
DDR1,73670.0,14.36775934120005,-9.16
DDR1,91755.0,14.4767348208078,-8.193
DDR1,39238.0,14.59389800671698,-8.857
DDR1,122609622.0,14.84375843168697,-9.028
DDR1,6451141.0,15.3838941012492,-9.165
DDR1,137159471.0,15.66007403219915,-8.143
DDR1,90169437.0,15.69808436792968,-8.308
DDR1,39327.0,16.00494036981126,-8.447
DDR1,10157484.0,16.49430282221222,-8.002
DDR1,54698175.0,16.49619948261224,-10.759
DDR1,131698386.0,16.72754199271185,-8.669
DDR1,10275455.0,16.9977182397115,-8.512
DDR1,54680085.0,17.0044473365956,-10.336
DDR1,157010717.0,17.41078660660251,-9.208
DDR1,38687.0,17.47229389007932,-8.054
DDR1,164806248.0,17.52832888525557,-8.796
DDR1,139509773.0,17.63928901601525,-8.086
DDR1,45381138.0,17.84667975995634,-8.663
DDR1,91600.0,17.85964089485485,-8.081
DDR1,11636326.0,18.00106332944034,-9.598
DDR1,91731.0,18.04574917192776,-8.509
DDR1,23669621.0,18.11573270865085,-8.796
DDR1,12151363.0,18.12488982826902,-8.217
DDR1,213031.0,18.16561590081201,-8.264
DDR1,22235201.0,18.21857640956587,-8.114
DDR1,46944253.0,18.30066143383391,-8.298
DDR1,50980.0,18.31505832646244,-8.677
DDR1,134590429.0,18.39089529478737,-8.839
DDR1,19402.0,18.68058617861561,-8.042
DDR1,9828359.0,18.7099186198984,-8.281
DDR1,67119441.0,18.90875996303993,-8.089
DDR1,132115472.0,18.92156917088214,-8.757
DDR1,154395.0,19.04003837323064,-8.091
DDR1,107901.0,19.06576105928657,-8.48
DDR1,104926.0,19.14615685635848,-8.539
DDR1,162483615.0,19.16086457497505,-8.186
DDR1,54682651.0,19.34085910459154,-8.158
DDR1,54676038.0,19.42434169952548,-8.223
DDR1,93482.0,19.55107788088219,-8.849
DDR1,37123.0,19.58390509225132,-8.282
DDR1,54680676.0,19.7014613639599,-8.72
DDR1,92396.0,19.83831810585201,-8.327
DDR1,53518.0,19.91392757992659,-8.331
DYRK1A,9435.0,7.240587861810857,-8.319
DYRK1A,93178.0,8.245563264842943,-8.089
DYRK1A,16559.0,8.450675688934336,-8.808
DYRK1A,10139.0,8.476523017258511,-8.897
DYRK1A,11500973.0,9.065889626509028,-8.334
DYRK1A,2345.0,9.34487882402512,-8.356
DYRK1A,92326.0,9.406229015002667,-8.112
DYRK1A,23674999.0,9.538044881051244,-8.245
DYRK1A,56843907.0,9.670299561115792,-8.208
DYRK1A,39425.0,9.873719258056717,-8.121
DYRK1A,13728.0,10.15676203550357,-8.322
DYRK1A,92433.0,10.5051381336199,-8.606
DYRK1A,25241871.0,10.6113814333611,-8.006
DYRK1A,11634286.0,10.70974532963005,-8.1
DYRK1A,83975.0,10.8397720560362,-8.566
DYRK1A,91759.0,11.25986705423537,-8.071
DYRK1A,3081363.0,11.6857344726976,-8.61
DYRK1A,11388558.0,11.75064835388355,-8.192
DYRK1A,11158213.0,11.91994765895531,-9.501
DYRK1A,11990852.0,12.09211580591263,-8.286
DYRK1A,91625.0,12.45813639039766,-8.348
DYRK1A,11571555.0,12.77580091070275,-8.516
DYRK1A,23466.0,13.35043757570628,-8.468
DYRK1A,91692.0,13.52207165223887,-8.856
DYRK1A,135346206.0,13.98449055303428,-9.118
DYRK1A,91727.0,14.09920234802044,-8.183
DYRK1A,6125184.0,14.11932272079639,-8.389
DYRK1A,146491372.0,14.26551383885239,-8.507
DYRK1A,12940701.0,14.53530865545441,-9.575
DYRK1A,71615984.0,14.65684767279098,-9.481
DYRK1A,86138.0,14.75130383260265,-8.247
DYRK1A,4578030.0,14.89797440481515,-8.11
DYRK1A,86426.0,15.28450338139914,-8.101
DYRK1A,14127920.0,15.48329214747932,-8.741
DYRK1A,6455515.0,15.64891067333765,-9.237
DYRK1A,9013425.0,15.73181201990777,-8.007
DYRK1A,14146.0,15.92749330971385,-8.252
DYRK1A,5282227.0,15.95322676625012,-8.075
DYRK1A,20056436.0,16.04489801854316,-8.644
DYRK1A,5053.0,16.12947673276403,-9.663
DYRK1A,146479070.0,16.20853611447739,-8.093
DYRK1A,162381.0,16.2305446538191,-9.145
DYRK1A,12708735.0,16.23054465381914,-9.333
DYRK1A,213011.0,16.53703325069136,-8.657
DYRK1A,15764724.0,16.67624805787144,-8.279
DYRK1A,77123.0,16.85349894185343,-8.367
DYRK1A,54678504.0,17.0091967012183,-9.909
DYRK1A,100039.0,17.04016371223879,-8.115
DYRK1A,40521.0,17.16044106524277,-8.062
DYRK1A,93486.0,17.32164338725693,-8.266
DYRK1A,56945145.0,17.42361847229319,-9.909
DYRK1A,39238.0,17.72774305375934,-8.193
DYRK1A,132910.0,17.83447453437088,-8.239
DYRK1A,11709249.0,18.21877332542092,-8.392
DYRK1A,180089.0,18.37654434402823,-8.614
DYRK1A,115171.0,18.42163177943834,-8.967
DYRK1A,24743.0,18.43530950082572,-8.542
DYRK1A,86298.0,18.48889286851372,-8.496
DYRK1A,64928.0,18.66803592853671,-8.046
DYRK1A,6295.0,18.6845024545139,-8.248
DYRK1A,94382.0,18.7213027192803,-8.281
DYRK1A,57957886.0,18.77500135399348,-8.237
DYRK1A,91612.0,18.84366987694471,-8.804
DYRK1A,15118048.0,18.9424527961838,-8.449
DYRK1A,86354.0,19.18271948086835,-8.191
DYRK1A,56608859.0,19.216140940818,-8.392
DYRK1A,104926.0,19.21614094081807,-9.067
DYRK1A,9796266.0,19.22379973993876,-8.163
DYRK1A,6537961.0,19.31570365982937,-8.298
DYRK1A,213013.0,19.6675586238631,-9.809
DYRK1A,91754.0,19.68529952801801,-8.081
DYRK1A,91656.0,19.7020771722418,-8.186
DYRK1A,6294.0,19.72759457018951,-8.418
DYRK1A,11674113.0,19.74223315246316,-8.673
ERBB3,122704770.0,15.48592375612694,-8.383
ERBB3,10110536.0,15.77350606711521,-8.928
ERBB3,123679328.0,19.80870249007944,-9.25
FGFR1,71777.0,16.8607467284747,-9.178
FGFR3,71777.0,18.75960853089529,-8.003
FYN,91745.0,19.89782780306331,-9.827
GAK,91745.0,11.82332630606076,-9.653
GAK,141304383.0,12.18298686658091,-8.278
GAK,10157484.0,12.96280706522377,-8.093
GAK,92401.0,13.06701918297376,-8.191
GAK,190636.0,13.26319162182875,-8.135
GAK,3081363.0,14.17338906483742,-8.094
GAK,23690427.0,14.51872728109866,-8.323
GAK,86417.0,14.59757844635047,-8.299
GAK,23707509.0,15.29750688986399,-8.226
GAK,155467987.0,15.63950359495306,-8.294
GAK,54682651.0,15.79319864481623,-8.05
GAK,86268.0,15.9049666739747,-8.135
GAK,157010717.0,16.14552357439763,-8.047
GAK,92414.0,16.16081404427252,-8.029
GAK,40413.0,16.39387227493597,-8.406
GAK,54678504.0,16.5002074321669,-8.232
GAK,92425.0,16.64364877571299,-8.672
GAK,42619.0,16.74012046283377,-8.156
GAK,156304554.0,16.95603731948713,-8.046
GAK,11205154.0,16.99357255991404,-8.081
GAK,3391107.0,17.18782644590717,-8.914
GAK,72549028.0,17.32602819450969,-8.476
GAK,16559.0,17.33463127855996,-8.241
GAK,134590429.0,17.41178459045623,-8.87
GAK,87057038.0,17.45011397215141,-8.582
GAK,165392216.0,17.62894203609383,-8.67
GAK,8594.0,17.72884488167639,-8.49
GAK,11664966.0,17.79639033850572,-8.078
GAK,132115472.0,17.86845706308956,-8.533
GAK,11714234.0,18.29018959247016,-8.197
GAK,12708735.0,18.58494515951451,-8.062
GAK,45381138.0,18.74717758468204,-8.417
GAK,68018336.0,18.83490939253786,-8.863
GAK,23674999.0,18.86711137635885,-8.067
GAK,139322738.0,19.11931366395,-8.455
GAK,115171.0,19.15785954451879,-8.447
GAK,38839.0,19.16925571170123,-8.108
GAK,62506.0,19.36002875829565,-8.34
GAK,43079.0,19.49593569426172,-9.238
GAK,184818.0,19.573314989045,-8.683
GAK,130405988.0,19.82917358442272,-8.158
GAK,86287521.0,19.8607763862156,-8.217
GAK,153985.0,19.86218988224896,-8.746
GAK,86369.0,19.92977688682897,-8.067
HCK,91745.0,15.31890582659922,-10.936
HCK,123679328.0,15.88305034247373,-9.202
HCK,182481.0,16.7826108099047,-8.893
HCK,148717219.0,17.6366586140299,-9.042
HCK,107651.0,18.38396194644942,-10.971
HCK,164806248.0,19.4615985541906,-11.437
HCK,47445.0,19.78871187018445,-10.026
HIPK2,2345.0,10.3392136555853,-8.232
HIPK2,23674999.0,12.10415090652442,-8.071
HIPK2,93379.0,12.39851891001858,-8.25
HIPK2,83975.0,12.96501549998415,-8.373
HIPK2,76441.0,13.54167289706,-8.007
HIPK2,135346206.0,13.59485779041742,-8.438
HIPK2,14146.0,13.61466837786399,-8.337
HIPK2,121363882.0,13.65328776924426,-8.039
HIPK2,15546.0,13.69928041103372,-8.048
HIPK2,92326.0,14.55958137361307,-8.381
HIPK2,146602715.0,14.5743608713932,-8.286
HIPK2,146491372.0,14.65739363164049,-8.804
HIPK2,91745.0,15.0656562976189,-10.541
HIPK2,153985.0,15.32029745989613,-9.075
HIPK2,146479070.0,15.34377892122753,-8.07
HIPK2,38854.0,15.43460432516146,-8.049
HIPK2,86103.0,15.6510513885531,-8.411
HIPK2,115171.0,15.74763578559994,-9.282
HIPK2,6436606.0,15.79426991776444,-8.546
HIPK2,162381.0,15.8364034033212,-8.873
HIPK2,12708735.0,15.83640340332127,-8.959
HIPK2,94382.0,15.85440382323574,-8.484
HIPK2,4767.0,16.11838923634807,-8.734
HIPK2,10140464.0,16.17464786452601,-9.118
HIPK2,183559.0,16.24294715399631,-8.121
HIPK2,73670.0,16.24774077181475,-8.801
HIPK2,20056436.0,16.33094292207297,-8.151
HIPK2,3081363.0,16.57440705752542,-8.263
HIPK2,77123.0,16.6743435628463,-8.457
HIPK2,56945144.0,16.69994286425537,-8.443
HIPK2,39425.0,16.7852793855191,-8.842
HIPK2,6450825.0,16.8290151725142,-9.792
HIPK2,56608859.0,17.1149642084147,-8.715
HIPK2,104926.0,17.11496420841478,-8.198
HIPK2,23466.0,17.12726036361862,-8.561
HIPK2,12761569.0,17.16566987226008,-8.972
HIPK2,91751.0,17.18966603040921,-8.23
HIPK2,37123.0,17.3218190016298,-9.559
HIPK2,15118048.0,17.41642227387761,-8.256
HIPK2,11534837.0,17.50701143183711,-8.283
HIPK2,11350631.0,17.53195461975566,-8.502
HIPK2,40326.0,17.59102764799191,-8.768
HIPK2,43859.0,17.59103379266837,-8.73
HIPK2,40463.0,17.70780374943165,-8.322
HIPK2,190636.0,18.02741446232606,-8.784
HIPK2,23160856.0,18.24547091059478,-9.631
HIPK2,43079.0,18.30073798465475,-10.269
HIPK2,3294375.0,18.40514142643284,-9.569
HIPK2,6442842.0,18.49012966353752,-9.02
HIPK2,11709249.0,18.53939463526083,-8.168
HIPK2,24744.0,18.73351518515754,-8.475
HIPK2,29216.0,18.74471713279729,-8.123
HIPK2,811359.0,18.84887160505897,-8.159
HIPK2,91677.0,18.92379483720768,-8.157
HIPK2,11348992.0,18.93482806657382,-8.597
HIPK2,86417.0,18.93820842094336,-8.769
HIPK2,3347.0,19.06857990055905,-8.293
HIPK2,10342051.0,19.06857990055905,-9.214
HIPK2,38283.0,19.18402032074908,-8.349
HIPK2,23690427.0,19.32979601206579,-10.411
HIPK2,13218777.0,19.41501447397869,-8.103
HIPK2,86443.0,19.43286275814425,-8.029
HIPK2,91755.0,19.46997277893744,-8.875
HIPK2,8342.0,19.5694802267088,-8.266
HIPK2,6440557.0,19.62432265093308,-9.094
HIPK2,6440554.0,19.62432265093308,-8.581
HIPK2,9796266.0,19.65709617021782,-8.265
HIPK2,130405988.0,19.90725814241324,-8.692
HIPK2,38441.0,19.95815165306461,-8.105
JAK3,91745.0,18.67487579763598,-9.705
JAK3,56843907.0,18.83702047284845,-8.05
JAK3,190636.0,19.57887122297731,-8.247
KDR,11949285.0,19.97853402166499,-8.406
KIT,47445.0,13.20546025776506,-8.514
KIT,123679328.0,15.58183531938445,-10.647
KIT,8540.0,17.11489834792925,-8.022
KIT,67788.0,17.13887540061142,-9.699
KIT,5851439.0,17.49198829330355,-10.45
KIT,73670.0,17.53497456510011,-9.353
KIT,107651.0,18.05290159966182,-10.922
KIT,11159021.0,18.08798481733552,-9.279
KIT,16421.0,18.14501423402821,-8.485
KIT,3294375.0,18.48019886920289,-11.041
KIT,57418258.0,18.55660020124554,-9.715
KIT,174656.0,18.64215439712672,-10.424
KIT,57414497.0,18.9432767314828,-8.45
KIT,86309.0,19.32898970362425,-11.582
KIT,3391107.0,19.89942340758195,-8.424
KIT,157602.0,19.99799232134591,-10.11
LCK,47445.0,14.09229449395614,-8.15
LCK,3294375.0,17.95624424436082,-8.198
LCK,91745.0,17.96855345766304,-8.755
LCK,148717219.0,18.19773380225431,-8.723
LCK,123679328.0,19.22119301669297,-8.676
LYN,47445.0,15.51821282343246,-8.71
LYN,123679328.0,17.05786940636306,-8.524
LYN,39238.0,17.38723408269169,-8.087
LYN,3294375.0,18.13171154029751,-9.211
LYN,148717219.0,18.5256565704756,-9.063
LYN,107651.0,19.4640198276014,-9.136
LYN,151720246.0,19.4762658482431,-8.463
LYN,68018336.0,19.50779411775908,-8.403
LYN,57414497.0,19.8349779621972,-9.267
LYN,91745.0,19.95242376283,-9.491
MAP2K7,83975.0,18.6545582078347,-8.487
MKNK2,19402.0,13.72653201199804,-8.107
MYLK4,91745.0,17.30200942197884,-9.929
MYLK4,73670.0,17.3480528775884,-8.261
MYLK4,153985.0,18.05224668825955,-8.483
MYLK4,107901.0,19.81887015134229,-8.107
NTRK1,39238.0,19.15657371490371,-8.605
PAK3,91745.0,18.21177452318705,-10.182
RIPK2,39238.0,18.83380804851985,-8.149
RIPK2,91745.0,19.09864340518771,-9.173
RIPK2,43079.0,19.2548321617378,-8.962
ROS1,91745.0,19.35106721993058,-8.097
TAOK3,91745.0,18.95995390390404,-9.29
TAOK3,11158213.0,19.79874602455082,-8.252
ULK1,91745.0,10.57100740319673,-8.696
ULK1,56945144.0,14.24658465686313,-8.389
ULK1,93539.0,14.57458222027251,-8.183
ULK1,10947588.0,14.77112027162546,-8.804
ULK1,92433.0,14.94682486839411,-8.453
ULK1,91625.0,15.06054889548347,-8.26
ULK1,11634286.0,15.23949409220724,-8.71
ULK1,165392216.0,15.51687528241229,-8.245
ULK1,5053.0,15.84616678700778,-8.485
ULK1,162381.0,15.9197965507975,-8.286
ULK1,12708735.0,15.91979655079755,-8.232
ULK1,11709249.0,16.08589826213747,-8.665
ULK1,73281.0,16.09345589019907,-8.238
ULK1,132910.0,16.13698000367165,-8.204
ULK1,91759.0,16.63437904817657,-8.133
ULK1,104926.0,16.6680998944566,-8.681
ULK1,56608859.0,16.6680998944566,-8.777
ULK1,86443.0,17.43851293492659,-8.547
ULK1,23707509.0,18.03596300979702,-8.584
ULK1,11990852.0,18.1059358467341,-8.943
ULK1,44151818.0,18.26954318279008,-8.092
ULK1,38283.0,18.99803583890404,-8.518
ULK1,9955886.0,19.0710674422956,-8.284
ULK1,4767.0,19.14790816377782,-8.618
ULK1,92434.0,19.15081180729502,-8.952
ULK1,4767.0,19.22442139279234,-8.618
ULK1,40413.0,19.31119858733436,-8.214
ULK1,92425.0,19.4761710995251,-8.232
ULK1,107851.0,19.92887069102997,-8.786
ULK1,131698386.0,19.9686002531619,-8.498
ULK2,91745.0,18.50876838626711,-9.927
ULK2,92433.0,18.64674484256301,-8.68
ULK2,56945144.0,19.0245385227353,-8.112
ULK2,91625.0,19.89969971511084,-8.187
ULK2,190636.0,19.90734106536269,-8.463
ULK3,3294375.0,17.65392624867828,-8.062
ULK3,23707509.0,18.8984843275427,-8.533
